{"train_steps_per_second":16.066,"eval/steps_per_second":51.741,"eval/accuracy":0.6072435434286767,"train_loss":1.6044641077301367,"total_flos":6.8725552840704e+16,"eval/loss":1.235170602798462,"train/epoch":1,"train/loss":1.2231,"train/learning_rate":4.56235600063873e-09,"eval/samples_per_second":51.741,"train/grad_norm":0.971851110458374,"train_samples_per_second":16.066,"_runtime":8238.85172887,"_timestamp":1.7529844312901406e+09,"_step":264,"train_runtime":8185.5926,"_wandb":{"runtime":8239},"eval/runtime":50.676,"train/global_step":131511}