{"train/global_step":65741,"train_samples_per_second":15.464,"eval/loss":1.2512060403823853,"train_runtime":4251.1554,"eval/runtime":25.1916,"train/grad_norm":2.206336498260498,"train_steps_per_second":15.464,"train/epoch":1,"_runtime":4278.703554794,"eval/steps_per_second":52.121,"train_loss":2.002555108727157,"_timestamp":1.7530104123380308e+09,"train/loss":1.2631,"eval/samples_per_second":52.121,"_step":132,"eval/accuracy":0.6037124804291844,"train/learning_rate":1.840556121750506e-07,"total_flos":3.4355198951424e+16,"_wandb":{"runtime":4279}}