{"train_steps_per_second":9.601,"eval/steps_per_second":48.661,"total_flos":6.871457857536e+15,"eval/accuracy":0.23901596114946483,"train_samples_per_second":9.6,"_timestamp":1.7530141248115351e+09,"train/learning_rate":5.703855806525211e-07,"train/epoch":0.20001216896609422,"_runtime":1398.552421153,"_step":27,"train_runtime":1369.5504,"train/grad_norm":1.6199499368667603,"eval/runtime":26.9828,"eval/loss":3.5954911708831787,"train_loss":3.6538342908087116,"eval/samples_per_second":48.661,"_wandb":{"runtime":1399},"train/loss":3.586,"train/global_step":13149}